Workbook

Sheet Dashboard
A1: ARDIGO TRANSPORTES
A2: PAINEL DE EFICIÊNCIA DA FROTA / CONSUMO MÉDIO • KM POR LITRO
A4: MÉDIA MAIS RECENTE | E4: META DA FROTA | I4: REGISTROS DE CONSUMO | M4: MESES COM DADOS
A5: =3.1407 -> 3.1407 | E5: =3.2 -> 3.2 | I5: =135 -> 135 | M5: =9 -> 9
A8: EVOLUÇÃO MENSAL DO CONSUMO | I8: DISTRIBUIÇÃO DO DESEMPENHO
A10: Mês | B10: Média (km/L) | C10: Meta | D10: Registros | E10: Situação | I10: Situação | J10: Quantidade
A11: Jan/26 | B11: 3.0173333 | C11: 3.2 | D11: 15 | E11: Bom | I11: Bom | J11: 10
A12: Fev/26 | B12: 3.044 | C12: 3.2 | D12: 15 | E12: Bom | I12: Ruim | J12: 4
A13: Mar/26 | B13: 3.0713333 | C13: 3.2 | D13: 15 | E13: Bom | I13: Na meta | J13: 0
A14: Abr/26 | B14: 3.0946667 | C14: 3.2 | D14: 15 | E14: Bom | I14: Sem dados | J14: 0
A15: Mai/26 | B15: 3.1166667 | C15: 3.2 | D15: 15 | E15: Bom
A16: Jun/26 | B16: 3.1226667 | C16: 3.2 | D16: 15 | E16: Bom
A17: Jul/26 | B17: 3.1426667 | C17: 3.2 | D17: 15 | E17: Bom
A18: Ago/26 | B18: 3.1626667 | C18: 3.2 | D18: 15 | E18: Bom
A19: Set/26 | B19: 3.1406667 | C19: 3.2 | D19: 15 | E19: Bom
A20: Out/26 | C20: 3.2 | D20: 0 | E20: Sem dados
A21: Nov/26 | C21: 3.2 | D21: 0 | E21: Sem dados
A22: Dez/26 | C22: 3.2 | D22: 0 | E22: Sem dados
I28: DESEMPENHO POR MOTORISTA
I29: Motorista | J29: Caminhão | K29: Média anual (km/L) | L29: Status
I30: Diego Carvalho | J30: ARD-008 | K30: 3.2766667 | L30: Ruim
I31: Carlos Mendes | J31: ARD-001 | K31: 3.2444444 | L31: Ruim
I32: Renato Costa | J32: ARD-011 | K32: 3.2133333 | L32: Ruim
I33: Mateus Barbosa | J33: ARD-015 | K33: 3.2111111 | L33: Ruim
I34: Bruno Almeida | J34: ARD-006 | K34: 3.1811111 | L34: Bom
I35: Rafael Santos | J35: ARD-004 | K35: 3.1522222 | L35: Bom
I36: Eduardo Lima | J36: ARD-013 | K36: 3.15 | L36: Bom
I37: João Ribeiro | J37: ARD-002 | K37: 3.0966667 | L37: Bom
I38: Vinícius Rocha | J38: ARD-014 | K38: 3.08 | L38: Bom
A39: Painel demonstrativo • Atualize os dados na aba “Média Mensal” e confira os registros antes de usar em decisões operacionais.
I40: Lucas Ferreira | J40: ARD-005 | K40: 3.0466667 | L40: Bom
I41: Gustavo Pereira | J41: ARD-010 | K41: 3.0066667 | L41: Bom
I42: André Martins | J42: ARD-007 | K42: 2.9611111 | L42: Bom
I43: Thiago Nunes | J43: ARD-012 | K43: 2.9411111 | L43: Bom
I44: Marcos Oliveira | J44: ARD-003 | K44: 2.8833333 | L44: Bom

Sheet Média Mensal
A1: Motorista | B1: Caminhão | C1: Jan/26 | D1: Fev/26 | E1: Mar/26 | F1: Abr/26 | G1: Mai/26 | H1: Jun/26 | I1: Jul/26 | J1: Ago/26 | K1: Set/26 | L1: Out/26 | M1: Nov/26 | N1: Dez/26 | O1: Média do ano
A2: Carlos Mendes | B2: ARD-001 | C2: 3.18 | D2: 3.22 | E2: 3.2 | F2: 3.25 | G2: 3.27 | H2: 3.24 | I2: 3.28 | J2: 3.3 | K2: 3.26 | O2: =IFERROR(AVERAGE(C2:N2),"") -> 3.2444444
A3: João Ribeiro | B3: ARD-002 | C3: 3.02 | D3: 3.05 | E3: 3.08 | F3: 3.1 | G3: 3.12 | H3: 3.09 | I3: 3.14 | J3: 3.16 | K3: 3.11 | O3: =IFERROR(AVERAGE(C3:N3),"") -> 3.0966667
A4: Marcos Oliveira | B4: ARD-003 | C4: 2.78 | D4: 2.82 | E4: 2.85 | F4: 2.88 | G4: 2.91 | H4: 2.89 | I4: 2.94 | J4: 2.96 | K4: 2.92 | O4: =IFERROR(AVERAGE(C4:N4),"") -> 2.8833333
A5: Rafael Santos | B5: ARD-004 | C5: 3.08 | D5: 3.11 | E5: 3.14 | F5: 3.13 | G5: 3.17 | H5: 3.16 | I5: 3.19 | J5: 3.21 | K5: 3.18 | O5: =IFERROR(AVERAGE(C5:N5),"") -> 3.1522222
A6: Lucas Ferreira | B6: ARD-005 | C6: 2.94 | D6: 2.98 | E6: 3.01 | F6: 3.04 | G6: 3.06 | H6: 3.08 | I6: 3.1 | J6: 3.12 | K6: 3.09 | O6: =IFERROR(AVERAGE(C6:N6),"") -> 3.0466667
A7: Bruno Almeida | B7: ARD-006 | C7: 3.11 | D7: 3.13 | E7: 3.16 | F7: 3.18 | G7: 3.19 | H7: 3.21 | I7: 3.2 | J7: 3.23 | K7: 3.22 | O7: =IFERROR(AVERAGE(C7:N7),"") -> 3.1811111
A8: André Martins | B8: ARD-007 | C8: 2.86 | D8: 2.89 | E8: 2.92 | F8: 2.95 | G8: 2.97 | H8: 2.99 | I8: 3.02 | J8: 3.04 | K8: 3.01 | O8: =IFERROR(AVERAGE(C8:N8),"") -> 2.9611111
A9: Diego Carvalho | B9: ARD-008 | C9: 3.24 | D9: 3.21 | E9: 3.26 | F9: 3.28 | G9: 3.3 | H9: 3.27 | I9: 3.31 | J9: 3.33 | K9: 3.29 | O9: =IFERROR(AVERAGE(C9:N9),"") -> 3.2766667
A10: Felipe Rodrigues | B10: ARD-009 | C10: 3 | D10: 3.02 | E10: 3.05 | F10: 3.07 | G10: 3.09 | H10: 3.11 | I10: 3.1 | J10: 3.13 | K10: 3.12 | O10: =IFERROR(AVERAGE(C10:N10),"") -> 3.0766667
A11: Gustavo Pereira | B11: ARD-010 | C11: 2.91 | D11: 2.94 | E11: 2.97 | F11: 2.99 | G11: 3.02 | H11: 3.04 | I11: 3.06 | J11: 3.08 | K11: 3.05 | O11: =IFERROR(AVERAGE(C11:N11),"") -> 3.0066667
A12: Renato Costa | B12: ARD-011 | C12: 3.15 | D12: 3.17 | E12: 3.19 | F12: 3.21 | G12: 3.22 | H12: 3.24 | I12: 3.23 | J12: 3.25 | K12: 3.26 | O12: =IFERROR(AVERAGE(C12:N12),"") -> 3.2133333
A13: Thiago Nunes | B13: ARD-012 | C13: 2.83 | D13: 2.87 | E13: 2.9 | F13: 2.93 | G13: 2.95 | H13: 2.98 | I13: 3 | J13: 3.02 | K13: 2.99 | O13: =IFERROR(AVERAGE(C13:N13),"") -> 2.9411111
... A16: Mateus Barbosa | B16: ARD-015 | C16: 3.12 | D16: 3.15 | E16: 3.18 | F16: 3.2 | G16: 3.23 | H16: 3.25 | I16: 3.24 | J16: 3.27 | K16: 3.26 | O16: =IFERROR(AVERAGE(C16:N16),"") -> 3.2111111

Sheet Resumo Mensal
A1: Mês | B1: Média da frota (km/L) | C1: Meta (km/L) | D1: Registros preenchidos | E1: Status
A2: Jan/26 | B2: =IFERROR(AVERAGE('Média Mensal'!C2:C16),"") -> 3.0173333 | C2: 3.2 | D2: =COUNT('Média Mensal'!C2:C16) -> 15 | E2: =IF(B2="","Sem dados",IF(B2<C2,"Bom",IF(B2>C2,"Ruim","Na meta"))) -> Bom
A3: Fev/26 | B3: =IFERROR(AVERAGE('Média Mensal'!D2:D16),"") -> 3.044 | C3: 3.2 | D3: =COUNT('Média Mensal'!D2:D16) -> 15 | E3: =IF(B3="","Sem dados",IF(B3<C3,"Bom",IF(B3>C3,"Ruim","Na meta"))) -> Bom
A4: Mar/26 | B4: =IFERROR(AVERAGE('Média Mensal'!E2:E16),"") -> 3.0713333 | C4: 3.2 | D4: =COUNT('Média Mensal'!E2:E16) -> 15 | E4: =IF(B4="","Sem dados",IF(B4<C4,"Bom",IF(B4>C4,"Ruim","Na meta"))) -> Bom
A5: Abr/26 | B5: =IFERROR(AVERAGE('Média Mensal'!F2:F16),"") -> 3.0946667 | C5: 3.2 | D5: =COUNT('Média Mensal'!F2:F16) -> 15 | E5: =IF(B5="","Sem dados",IF(B5<C5,"Bom",IF(B5>C5,"Ruim","Na meta"))) -> Bom
A6: Mai/26 | B6: =IFERROR(AVERAGE('Média Mensal'!G2:G16),"") -> 3.1166667 | C6: 3.2 | D6: =COUNT('Média Mensal'!G2:G16) -> 15 | E6: =IF(B6="","Sem dados",IF(B6<C6,"Bom",IF(B6>C6,"Ruim","Na meta"))) -> Bom
A7: Jun/26 | B7: =IFERROR(AVERAGE('Média Mensal'!H2:H16),"") -> 3.1226667 | C7: 3.2 | D7: =COUNT('Média Mensal'!H2:H16) -> 15 | E7: =IF(B7="","Sem dados",IF(B7<C7,"Bom",IF(B7>C7,"Ruim","Na meta"))) -> Bom
A8: Jul/26 | B8: =IFERROR(AVERAGE('Média Mensal'!I2:I16),"") -> 3.1426667 | C8: 3.2 | D8: =COUNT('Média Mensal'!I2:I16) -> 15 | E8: =IF(B8="","Sem dados",IF(B8<C8,"Bom",IF(B8>C8,"Ruim","Na meta"))) -> Bom
A9: Ago/26 | B9: =IFERROR(AVERAGE('Média Mensal'!J2:J16),"") -> 3.1626667 | C9: 3.2 | D9: =COUNT('Média Mensal'!J2:J16) -> 15 | E9: =IF(B9="","Sem dados",IF(B9<C9,"Bom",IF(B9>C9,"Ruim","Na meta"))) -> Bom
A10: Set/26 | B10: =IFERROR(AVERAGE('Média Mensal'!K2:K16),"") -> 3.1406667 | C10: 3.2 | D10: =COUNT('Média Mensal'!K2:K16) -> 15 | E10: =IF(B10="","Sem dados",IF(B10<C10,"Bom",IF(B10>C10,"Ruim","Na meta"))) -> Bom
A11: Out/26 | B11: =IFERROR(AVERAGE('Média Mensal'!L2:L16),"") | C11: 3.2 | D11: =COUNT('Média Mensal'!L2:L16) -> 0 | E11: =IF(B11="","Sem dados",IF(B11<C11,"Bom",IF(B11>C11,"Ruim","Na meta"))) -> Sem dados
A12: Nov/26 | B12: =IFERROR(AVERAGE('Média Mensal'!M2:M16),"") | C12: 3.2 | D12: =COUNT('Média Mensal'!M2:M16) -> 0 | E12: =IF(B12="","Sem dados",IF(B12<C12,"Bom",IF(B12>C12,"Ruim","Na meta"))) -> Sem dados
A13: Dez/26 | B13: =IFERROR(AVERAGE('Média Mensal'!N2:N16),"") | C13: 3.2 | D13: =COUNT('Média Mensal'!N2:N16) -> 0 | E13: =IF(B13="","Sem dados",IF(B13<C13,"Bom",IF(B13>C13,"Ruim","Na meta"))) -> Sem dados
